
{
    "id": 1,
    "applicantName": "ram",
    "dateOfApplication": "10-12-2021",
    "jobId": 12,
    "applicantType": "fresher",
    "applicationStatus": "active",
    "onlineTestStatus": "pass",
    "onlineTestEvaluation": "pass",
    "score": 150,
    "locationPreference1": "hyderabad",
    "locationPreference2": "chennai",
    "locationPreference3": "bengaluru",
    "contactNumber": 9896543210,
    "emailId": "abc@gmail.com",
    "currentLocation": "hyderabad",
    "qualification": "B-tech",
    "collegeName": "xyz",
    "passoutYear": 2019,
    "programmingSkills": "java,python",
    "experience": 2,
    "designation": "senior consultant",
    "expInCC": "senior",
    "noticePeriod": "3months",
    "openForRelocation": "hyderabad",
    "currentSalary": 80000,
    "expectedSalary": 100000,
    "statusOfApplication": "active",
    "interviewPanelist": "H.R",
    "comments": "good performance"
   }
  