{
  "definitions": {},
  "$schema": "http://json-schema.org/draft-07/schema#",
  "$id": "http://example.com/root.json",
  "type": "object",
  "title": "The Root Schema",
  "required": [
    "driver_id",
    "first_name",
    "last_name",
    "email",
    "phone_number",
    "picture",
    "promo_code",
    "rating",
    "activation_status"
  ],
  "properties": {
    "driver_id": {
      "$id": "#/properties/driver_id",
      "type": "string",
      "title": "The Driver_id Schema",
      "default": "",
      "examples": [
        "8LvWuRAq2511gmr8EMkovekFNa2848lyMaQevIto-aXmnK9oKNRtfTxYLgPq9OSt8EzAu5pDB7XiaQIrcp-zXgOA5EyK4h00U6D1o7aZpXIQah--U77Eh7LEBiksj2rahB=="
      ],
      "pattern": "^(.*)$"
    },
    "first_name": {
      "$id": "#/properties/first_name",
      "type": "string",
      "title": "The First_name Schema",
      "default": "",
      "examples": [
        "Uber"
      ],
      "pattern": "^(.*)$"
    },
    "last_name": {
      "$id": "#/properties/last_name",
      "type": "string",
      "title": "The Last_name Schema",
      "default": "",
      "examples": [
        "Tester"
      ],
      "pattern": "^(.*)$"
    },
    "email": {
      "$id": "#/properties/email",
      "type": "string",
      "title": "The Email Schema",
      "default": "",
      "examples": [
        "uber.developer+tester@example.com"
      ],
      "pattern": "^(.*)$"
    },
    "phone_number": {
      "$id": "#/properties/phone_number",
      "type": "string",
      "title": "The Phone_number Schema",
      "default": "",
      "examples": [
        "+14155550000"
      ],
      "pattern": "^(.*)$"
    },
    "picture": {
      "$id": "#/properties/picture",
      "type": "string",
      "title": "The Picture Schema",
      "default": "",
      "examples": [
        "https://d1w2poirtb3as9.cloudfront.net/16ce502f4767f17b120e.png"
      ],
      "pattern": "^(.*)$"
    },
    "promo_code": {
      "$id": "#/properties/promo_code",
      "type": "string",
      "title": "The Promo_code Schema",
      "default": "",
      "examples": [
        "ubert4544ue"
      ],
      "pattern": "^(.*)$"
    },
    "rating": {
      "$id": "#/properties/rating",
      "type": "integer",
      "title": "The Rating Schema",
      "default": 0,
      "examples": [
        5
      ]
    },
    "activation_status": {
      "$id": "#/properties/activation_status",
      "type": "string",
      "title": "The Activation_status Schema",
      "default": "",
      "examples": [
        "active"
      ],
      "pattern": "^(.*)$"
    }
  }
}